{
  "timestamp": 1781827827.8348458,
  "quality_signal": 0.6486879636076699,
  "coupling_score": 0.11546840958605664,
  "cycle_count": 0,
  "god_file_count": 4,
  "hotspot_count": 0,
  "complex_fn_count": 0,
  "max_depth": 9,
  "total_import_edges": 459,
  "cross_module_edges": 362
}